judul_kegiatan,ms_keg_id,id_sds,nama,alias,definisi,konsep,referensi_pemilihan,referensi_waktu,ukuran,satuan,tipe_data,aturan_validasi,kalimat_pertanyaan,bisa_diakses_umum
Kompilasi Data Dinas Pemuda dan Olahraga Provinsi DKI Jakarta,,,Daftar Fasilitas Olahraga dibawah Koordinasi Dinas Pemuda dan Olahraga,-,"Daftar fasilitas olahraga yang ada di DKI Jakarta di bawah koordinasi Dinas Pemuda dan Olahraga dengan keterangan terkait lokasi, status ramah difabel, dan akomodasi terhadap cabang olahraga olimpik.",Olahraga,KEPGUB 785 TAHUN 2024,Tahunan,-,-,CHARACTER,HARUS TERISI,-,TRUE
Kompilasi Data Dinas Pemuda dan Olahraga Provinsi DKI Jakarta,,,Daftar Nama Atlet Penerima Penghargaan,-,Daftar Nama Atlet Penerima Penghargaan.,Olahraga,KEPGUB 785 TAHUN 2024,Tahunan,-,-,CHARACTER,HARUS TERISI,-,TRUE
Kompilasi Data Dinas Pemuda dan Olahraga Provinsi DKI Jakarta,,,Data Atlet Disabilitas,-,Daftar Nama Atlet Disabilitas.,Olahraga,KEPGUB 785 TAHUN 2024,Tahunan,-,-,CHARACTER,HARUS TERISI,-,TRUE
Kompilasi Data Dinas Pemuda dan Olahraga Provinsi DKI Jakarta,,,Data Atlet Latihan Mahasiswa,-,Daftar Atlet Pusat Pendidikan dan Latihan Mahasiswa.,Olahraga,KEPGUB 785 TAHUN 2024,Tahunan,-,-,CHARACTER,HARUS TERISI,-,TRUE
Kompilasi Data Dinas Pemuda dan Olahraga Provinsi DKI Jakarta,,,Data Kegiatan Kepemudaan,-,Daftar Kegiatan Kepemudaan.,Organisasi,KEPGUB 785 TAHUN 2024,Tahunan,Total,Orang,CHARACTER,HARUS TERISI,-,TRUE
Kompilasi Data Dinas Pemuda dan Olahraga Provinsi DKI Jakarta,,,Data Kegiatan Olahraga Masyarakat,-,Daftar Kegiatan Olahraga Masyarakat.,Olahraga,KEPGUB 785 TAHUN 2024,Tahunan,Total,Orang,CHARACTER,HARUS TERISI,-,TRUE
Kompilasi Data Dinas Pemuda dan Olahraga Provinsi DKI Jakarta,,,Data Nama Atlet Pusat Pelatihan Olahraga Pelajar,-,Daftar atlet Pusat Pelatihan Olahraga Pelajar (PPOP) Provinsi DKI Jakarta yang mencakup talenta muda/olahragawan dengan potensi prestasi di tingkat internasional.,Olahraga,KEPGUB 785 TAHUN 2024,Tahunan,-,-,CHARACTER,HARUS TERISI,-,TRUE
Kompilasi Data Dinas Pemuda dan Olahraga Provinsi DKI Jakarta,,,Data Pemuda yang Berhasil dibina,-,Data Pemuda yang berhasil dibina.,Organisasi,KEPGUB 785 TAHUN 2024,Tahunan,Total,Orang,CHARACTER,HARUS TERISI,-,TRUE
Kompilasi Data Dinas Pemuda dan Olahraga Provinsi DKI Jakarta,,,Data Masyarakat Aktif Berolahraga Provinsi DKI Jakarta,-,Data Masyarakat aktif berolahraga,Olahraga,KEPGUB 785 TAHUN 2024,Tahunan,Total,Orang,CHARACTER,HARUS TERISI,-,TRUE
Kompilasi Data Dinas Pemuda dan Olahraga Provinsi DKI Jakarta,,,Daftar Organisasi Pemuda yang Aktif dan Data Anggotanya,-,Daftar Organisasi Pemuda yang Aktif dan Data Anggotanya.,Organisasi,KEPGUB 785 TAHUN 2024,Tahunan,Total,Orang,CHARACTER,HARUS TERISI,-,TRUE
Kompilasi Data Dinas Pemuda dan Olahraga Provinsi DKI Jakarta,,,Daftar Cabang Olahraga yang Dibina,-,Daftar Cabang Olahraga yang Dibina di bawah Koordinasi Dinas Pemuda dan Olahraga Provinsi DKI Jakarta.,Olahraga,KEPGUB 785 TAHUN 2024,Tahunan,-,-,CHARACTER,HARUS TERISI,-,TRUE
Kompilasi Data Dinas Pemuda dan Olahraga Provinsi DKI Jakarta,,,Daftar Pelatih Bersertifikat,-,Daftar tenaga keolahragaan bersertifikat (nasional dan/atau internasional) di bawah Koordinasi Dinas Pemuda dan Olahraga Provinsi DKI Jakarta.,Olahraga,KEPGUB 785 TAHUN 2024,Tahunan,-,-,CHARACTER,HARUS TERISI,-,TRUE
Kompilasi Data Dinas Pemuda dan Olahraga Provinsi DKI Jakarta,,,Data Fasilitas Olahraga Menurut Jenisnya,-,Data Fasilitas Olahraga Menurut Jenisnya.,Olahraga,KEPGUB 785 TAHUN 2024,Tahunan,Total,CHARACTER,CHARACTER,HARUS TERISI,-,TRUE
Kompilasi Data Dinas Pemuda dan Olahraga Provinsi DKI Jakarta,,,Data Lembaga Nonprofit (Organisasi Pemuda dan Olahraga) yang Melayani Rumah Tangga,-,Data daftar lembaga nonprofit (organisasi pemuda dan olahraga) yang melayani rumah tangga.,Olahraga; Organisasi;,KEPGUB 785 TAHUN 2024,Tahunan,-,-,CHARACTER,HARUS TERISI,-,TRUE
Kompilasi Data Dinas Pemuda dan Olahraga Provinsi DKI Jakarta,,,Data Kegiatan Organisasi Pemuda dan Olahraga,-,Data kegiatan organisasi pemuda dan olahraga.,Olahraga; Organisasi;,KEPGUB 785 TAHUN 2024,Tahunan,Total,Orang,CHARACTER,HARUS TERISI,-,TRUE
Kompilasi Data Dinas Pemuda dan Olahraga Provinsi DKI Jakarta,,,Data Organisasi Keolahragaan Berbasis Olimpik yang Memenuhi Standar Minimal Keolahragaan,-,Data organisasi keolahragaan berbasis Olimpik yang memenuhi standar minimal keolahragaan.,Olahraga; Organisasi;,KEPGUB 785 TAHUN 2024,Tahunan,Total,Organisasi,CHARACTER,HARUS TERISI,-,TRUE
Kompilasi Data Dinas Pemuda dan Olahraga Provinsi DKI Jakarta,,,Data Tenaga Keolahragaan Olimpik/Paralimpik yang Bersertifikat Internasional,-,Data tenaga keolahragaan Olimpik/Paralimpik yang bersertifikat internasional.,Olahraga,KEPGUB 785 TAHUN 2024,Tahunan,Total,Orang,CHARACTER,HARUS TERISI,-,TRUE
Kompilasi Data Dinas Pemuda dan Olahraga Provinsi DKI Jakarta,,,Data Talenta Muda,-,Data atlet yang memiliki potensi berprestasi di tingkat internasional.,Olahraga,KEPGUB 785 TAHUN 2024,Tahunan,Total,Orang,CHARACTER,HARUS TERISI,-,TRUE
Kompilasi Data Dinas Pemuda dan Olahraga Provinsi DKI Jakarta,,,Data Fasilitasi Sarana Olahraga Prestasi Berbasis Cabang Olahraga Olimpik,-,Data sarana olahraga prestasi berbasis cabang olahraga Olimpik yang terfasilitasi.,Olahraga,KEPGUB 785 TAHUN 2024,Tahunan,Total,Sarana,CHARACTER,HARUS TERISI,-,TRUE
Kompilasi Data Dinas Pemuda dan Olahraga Provinsi DKI Jakarta,,,Data Sentra Pembinaan yang Telah Beroperasi di Daerah sesuai Desain Besar Olahraga,-,Data sentra pembinaan yang telah beroperasi di daerah sesuai Desain Besar Olahraga.,Olahraga,KEPGUB 785 TAHUN 2024,Tahunan,Total,Unit,CHARACTER,HARUS TERISI,-,TRUE
Kompilasi Data Dinas Pemuda dan Olahraga Provinsi DKI Jakarta,,,Data Tenaga Keolahragaan Olimpik/Paralimpik yang Bersertifikat Nasional,-,Data tenaga keolahragaan Olimpik/Paralimpik yang memiliki sertifikasi tingkat nasional.,Olahraga,KEPGUB 785 TAHUN 2024,Tahunan,Total,Orang,CHARACTER,HARUS TERISI,-,TRUE
Kompilasi Data Dinas Pemuda dan Olahraga Provinsi DKI Jakarta,,,Data Anggota Kepramukaan yang Meningkat Kapasitasnya,-,"Data anggota Pramuka yang meningkat kapasitasnya merupakan gambaran dari  anggota pramuka yang melaksanakan pendidikan dan pelatihan dasar bagi anggota Pramuka, dan diharapkan mampu memiliki karakter kepramukaan",Organisasi,KEPGUB 785 TAHUN 2024,Tahunan,Persentase,Persen,CHARACTER,HARUS TERISI,-,TRUE
Kompilasi Data Dinas Pemuda dan Olahraga Provinsi DKI Jakarta,,,Data Cabang Olahraga yang Berprestasi,-,Cabang Olahraga yang diikuti dan mendapatkan medali.,Olahraga,KEPGUB 785 TAHUN 2024,Tahunan,Persentase,Persen,CHARACTER,HARUS TERISI,-,TRUE
Kompilasi Data Dinas Pemuda dan Olahraga Provinsi DKI Jakarta,,,Data Pemuda Hasil Binaan yang Berprestasi dalam Bidang yang Ditentukan,-,Data Pemuda Hasil Binaan yang Berprestasi dalam Bidang yang Ditentukan.,Organisasi,KEPGUB 785 TAHUN 2024,Tahunan,Persentase,Persen,CHARACTER,HARUS TERISI,-,TRUE
Kompilasi Data Dinas Pemuda dan Olahraga Provinsi DKI Jakarta,,,Data Penduduk Berusia 10 (sepuluh) Tahun ke Atas yang Melakukan Olahraga,-,Data penduduk berusia 10 tahun ke atas yang berolahraga merupakan gambaran seberapa banyak penduduk yang melakukan aktivitas olahraga.,Olahraga,KEPGUB 785 TAHUN 2024,Tahunan,Persentase,Persen,CHARACTER,HARUS TERISI,-,TRUE
Kompilasi Data Dinas Pemuda dan Olahraga Provinsi DKI Jakarta,,,Data Pembangunan Pemuda (IPP),-,"Data Pembangunan Pemuda (IPP) hadir sebagai ukuran yang dapat menggambarkan capaian pembangunan pemuda di Indonesia. IPP terdiri dari 5 domain pembangunan yang di dalamnya memuat 15 indikator pembangunan pemuda. Kelima domain tersebut adalah (1) domain pendidikan, (2) domain kesehatan dan kesejahteraan, (3) domain lapangan dan kesempatan kerja, (4) domain partisipasi dan kepemimpinan, serta (5) domain gender dan diskriminasi. (Dokumen Metadata Indikator RKP 2023 - EP4).",Organisasi,KEPGUB 785 TAHUN 2024,Tahunan,Indeks,-,CHARACTER,HARUS TERISI,-,TRUE
Kompilasi Data Dinas Pemuda dan Olahraga Provinsi DKI Jakarta,,,Data Olahragawan Andalan Nasional pada Cabang Olahraga Olimpik yang Merupakan Alumni Pusat Pelatihan Olahraga Pelajar (PPOP),-,Data olahragawan andalan nasional pada cabang olahraga Olimpik yang merupakan alumni Pusat Pelatihan Olahraga Pelajar (PPOP).,Olahraga,KEPGUB 785 TAHUN 2024,Tahunan,Persentase,Persen,CHARACTER,HARUS TERISI,-,TRUE
Kompilasi Data Dinas Pemuda dan Olahraga Provinsi DKI Jakarta,,,Data Olahragawan Muda Cabang Olahraga Olimpik pada Olahragawan Andalan Nasional,-,Data olahragawan junior cabang olahraga Olimpik yang dibina pada pelatnas olahragawan andalan nasional.,Olahraga,KEPGUB 785 TAHUN 2024,Tahunan,Persentase,Persen,CHARACTER,HARUS TERISI,-,TRUE
Kompilasi Data Dinas Pemuda dan Olahraga Provinsi DKI Jakarta,,,Data Partisipasi dan Kepemimpinan Pemuda,-,"Bedasarkan Permenpora Nomor 0059 Tahun 2013 tantang Pengembangan Kepemimpinan Pemuda, kepemimpinan pemuda adalah kegiatan mengembangkan potensi keteladanan, keberpengaruhan, serta penggerakan pemuda yang dilaksanakan secara sistematis dan berkelanjutan untuk mengembangkan kemampuan dan kapasitas kepemimpinan pemuda yang berwawasan kebangsaan guna berpartisipasi aktif dalam pembangunan nasional di segala bidang.",Organisasi,KEPGUB 785 TAHUN 2024,Tahunan,Persentase,Persen,CHARACTER,HARUS TERISI,-,TRUE
